Customer,Environment,Taste,Service,Price,Cities,Review
1,1,1,2,1,Rewa,"I hate to disagree with my fellow Yelpers, but my husband and I were so disappointed with this place."
2,1,2,1,1,Indore,"Frozen pucks of disgust, with some of the worst people behind the register."
3,1,1,2,1,Dewas,"Worse of all, he humiliated his worker right in front of me..Bunch of horrible name callings."
4,1,2,1,2,Khandwa,"The staff are now not as friendly, the wait times for being served are horrible, no one even says hi for the first 10 minutes."
5,1,1,2,2,Indore,It's too bad the food is so damn generic.
6,1,1,1,3,Ujjain,First - the bathrooms at this location were dirty- Seat covers were not replenished & just plain yucky!!!
7,1,2,1,2,Rewa,And then tragedy struck.
8,2,1,1,2,Betul,"Worst service to boot, but that is the least of their worries."
9,1,3,1,1,Khandwa,"They have horrible attitudes towards customers, and talk down to each one when customers don't enjoy their food."
10,2,2,1,2,Dewas,"The food sucked, which we expected but it sucked more than we could have imagined."
11,2,2,2,1,Ujjain,I left with a stomach ache and felt sick the rest of the day.
12,2,2,1,2,Khandwa,RUDE & INCONSIDERATE MANAGEMENT.
13,2,1,2,2,Dewas,I found this place by accident and I could not be happier.
14,1,4,1,1,Mandsaur,The WORST EXPERIENCE EVER.
15,3,1,1,2,Bhopal,"The ripped banana was not only ripped, but petrified and tasteless."
16,1,1,1,4,Gwalior,Now I am getting angry and I want my damn pho.
17,1,1,3,3,Gwalior,Hard to judge whether these sides were good because we were grossed out by the melted styrofoam and didn't want to eat it for fear of getting sick.
18,2,3,1,2,Indore,I've never been treated so bad.
19,1,2,1,4,Jabalpur,I dressed up to be treated so rudely!
20,1,1,3,3,Rewa,I can take a little bad service but the food sucks.
21,1,1,4,2,Khandwa,The servers are not pleasant to deal with and they don't always honor Pizza Hut coupons.
22,2,1,3,2,Rewa,"Host staff were, for lack of a better word, BITCHES!"
23,1,3,1,3,Dewas,No complaints!
24,3,1,3,1,Khandwa,Omelets are to die for!
25,1,1,2,4,Dewas,The worst was the salmon sashimi.
26,2,1,4,1,Ujjain,The manager was the worst.
27,2,3,1,2,Betul,The selection was probably the worst I've seen in Vegas.....there was none.
28,1,2,2,3,Jabalpur,2 times - Very Bad Customer Service !
29,4,1,2,1,Jabalpur,"Sadly, Gordon Ramsey's Steak is a place we shall sharply avoid during our next trip to Vegas."
30,1,2,3,2,Jabalpur,"Poor service, the waiter made me feel like I was stupid every time he came to the table."
31,2,2,2,2,Indore,"The burger had absolutely no flavor - the meat itself was totally bland, the burger was overcooked and there was no charcoal flavor."
32,2,1,2,3,Ujjain,The waiter wasn't helpful or friendly and rarely checked on us.
33,1,3,1,3,Rewa,I don't recommend unless your car breaks down in front of it and you are starving.
34,4,1,2,1,Bhopal,Left very frustrated.
35,2,2,2,2,Mandsaur,Not tasty and the texture was just nasty.
36,3,2,2,1,Mandsaur,I was so insulted.
37,1,2,1,4,Rewa,Bland... Not a liking this place for a number of reasons and I don't want to waste time on bad reviewing.. I'll leave it at that...
38,1,5,1,1,Khandwa,"It was either too cold, not enough flavor or just bad."
39,4,1,1,2,Betul,The last 3 times I had lunch here has been bad.
40,3,2,2,1,Bhopal,I was shocked because no signs indicate cash only.
41,1,3,3,1,Ujjain,I don't have to be an accountant to know I'm getting screwed!
42,3,2,2,1,Khandwa,"Perhaps I caught them on an off night judging by the other reviews, but I'm not inspired to go back."
43,3,1,2,2,Indore,"My side Greek salad with the Greek dressing was so tasty, and the pita and hummus was very refreshing."
44,1,1,1,5,Dewas,"Overall, I was very disappointed with the quality of food at Bouchon."
45,3,2,3,1,Jabalpur,My husband and I ate lunch here and were very disappointed with the food and service.
46,2,1,1,5,Bhopal,"The burger... I got the ""Gold Standard"" a $17 burger and was kind of disappointed."
47,1,4,2,2,Bhopal,He was terrible!
48,4,1,2,2,Indore,"I live in the neighborhood so I am disappointed I won't be back here, because it is a convenient location."
49,1,3,3,2,Bhopal,The selection of food was not the best.
50,1,2,3,3,Rewa,There is not a deal good enough that would drag me into that establishment again.
51,2,2,2,3,Rewa,When my mom and I got home she immediately got sick and she only had a few bites of salad.
52,2,1,2,4,Gwalior,This one is simply a disappointment.
53,1,2,3,3,Dewas,This is a disgrace.
54,1,1,4,3,Mandsaur,"In summary, this was a largely disappointing dining experience."
55,3,1,4,1,Gwalior,Things that went wrong: - They burned the saganaki.
56,4,2,1,2,Bhopal,The food was terrible.
57,3,3,2,1,Betul,"For a self proclaimed coffee cafe, I was wildly disappointed."
58,4,1,3,1,Jabalpur,"We also ordered the spinach and avocado salad, the ingredients were sad and the dressing literally had zero taste."
59,2,3,2,2,Dewas,Everything was gross.
60,3,1,1,4,Dewas,The management is rude.
61,1,2,2,4,Gwalior,We watched our waiter pay a lot more attention to other tables and ignore us.
62,1,3,1,4,Betul,We waited for forty five minutes in vain.
63,2,3,2,2,Khandwa,TOTAL WASTE OF TIME.
64,1,1,3,4,Indore,"Overall, I don't think that I would take my parents to this place again because they made most of the similar complaints that I silently felt too."
65,2,3,2,2,Jabalpur,What a mistake that was!
66,4,1,3,1,Indore,By this time our side of the restaurant was almost empty so there was no excuse.
67,5,1,2,1,Jabalpur,"This place is not worth your time, let alone Vegas."
68,3,4,1,1,Mandsaur,The pan cakes everyone are raving about taste like a sugary disaster tailored to the palate of a six year old.
69,3,1,2,3,Rewa,Food was really boring.
70,1,5,1,2,Indore,This greedy corporation will NEVER see another dime from me!
71,1,5,1,2,Dewas,I came back today since they relocated and still not impressed.
72,1,2,2,4,Rewa,The Heart Attack Grill in downtown Vegas is an absolutely flat-lined excuse for a restaurant.
73,1,5,1,2,Bhopal,Service sucks.
74,2,3,2,2,Ujjain,The poor batter to meat ratio made the chicken tenders very unsatisfying.
75,1,4,2,2,Indore,Avoid at all cost!
76,3,1,1,4,Rewa,Crust is not good.
77,3,1,2,3,Khandwa,Soggy and not good.
78,3,3,2,1,Mandsaur,"It was attached to a gas station, and that is rarely a good sign."
79,5,2,1,1,Gwalior,It was not good.
80,2,5,1,1,Jabalpur,There is nothing privileged about working/eating there.
81,2,2,1,4,Dewas,"Unfortunately, we must have hit the bakery on leftover day because everything we ordered was STALE."
82,3,2,2,2,Gwalior,Waiter was a jerk.
83,5,1,2,1,Ujjain,It was probably dirt.
84,2,1,5,1,Indore,At least think to refill my water before I struggle to wave you over for 10 minutes.
85,2,1,5,1,Bhopal,Service stinks here!
86,3,3,1,3,Jabalpur,the spaghetti is nothing special whatsoever.
87,3,2,3,2,Indore,Nothing special.
88,1,4,3,2,Gwalior,"When my order arrived, one of the gyros was missing."
89,2,2,1,5,Indore,"For service, I give them no stars."
90,1,1,3,5,Mandsaur,We literally sat there for 20 minutes with no one asking to take our order.
91,1,4,1,4,Dewas,Horrible - don't waste your time and money.
92,2,3,2,3,Gwalior,"(It wasn't busy either) Also, the building was FREEZING cold."
93,2,1,4,3,Gwalior,did not like at all.
94,5,2,1,2,Bhopal,I'm probably one of the few people to ever go to Ians and not like it.
95,2,5,2,1,Bhopal,very tough and very short on flavor!
96,3,1,2,4,Gwalior,But now I was completely grossed out.
97,3,1,5,1,Bhopal,The only downside is the service.
98,3,5,1,1,Gwalior,If she had not rolled the eyes we may have stayed... Not sure if we will go back and try it again.
99,1,4,4,1,Betul,Kind of hard to mess up a steak but they did.
100,2,2,3,3,Mandsaur,"I guess I should have known that this place would suck, because it is inside of the Excalibur, but I didn't use my common sense."
101,3,2,4,1,Dewas,"Ordered a double cheeseburger & got a single patty that was falling apart (picture uploaded) Yeah, still sucks."
102,3,1,1,5,Jabalpur,"I find wasting food to be despicable, but this just wasn't food."
103,2,4,2,2,Indore,"I have been in more than a few bars in Vegas, and do not ever recall being charged for tap water."
104,1,1,3,5,Rewa,The Burrittos Blah!
105,1,4,1,4,Gwalior,Which are small and not worth the price.
106,5,1,2,2,Dewas,I also decided not to send it back because our waitress looked like she was on the verge of having a heart attack.
107,3,3,3,1,Betul,"Strike 2, who wants to be rushed."
108,1,3,5,1,Jabalpur,"To summarize... the food was incredible, nay, transcendant... but nothing brings me joy quite like the memory of the pneumatic condiment dispenser."
109,2,2,1,5,Mandsaur,"This really is how Vegas fine dining used to be, right down to the menus handed to the ladies that have no prices listed."
110,1,1,5,3,Indore,The warm beer didn't help.
111,1,4,1,4,Jabalpur,The service was meh.
112,1,2,3,4,Mandsaur,We asked for the bill to leave without eating and they didn't bring that either.
113,3,4,1,2,Jabalpur,"Although I very much liked the look and sound of this place, the actual experience was a bit disappointing."
114,2,2,1,5,Jabalpur,I had a seriously solid breakfast here.
115,2,2,2,4,Khandwa,The bus boy on the other hand was so rude.
116,1,4,2,3,Gwalior,I've never been more insulted or felt disrespected.
117,2,1,4,3,Dewas,There is so much good food in Vegas that I feel cheated for wasting an eating opportunity by going to Rice and Company.
118,4,3,2,1,Betul,I will come back here every time I'm in Vegas.
119,2,3,1,4,Indore,Def coming back to bowl next time
120,5,2,2,1,Mandsaur,"Plus, it's only 8 bucks."
121,2,3,3,2,Rewa,This place deserves one star and 90% has to do with the food.
122,4,3,1,2,Gwalior,I won't be back.
123,4,1,2,3,Indore,The live music on Fridays totally blows.
124,2,1,5,2,Ujjain,WILL NEVER EVER GO BACK AND HAVE TOLD MANY PEOPLE WHAT HAD HAPPENED.
125,5,1,3,1,Dewas,Waitress was a little slow in service.
126,4,2,3,1,Gwalior,So they performed.
127,2,1,5,2,Indore,"I tried the Cape Cod ravoli, chicken, with cranberry...mmmm!"
128,3,4,2,1,Rewa,"It took over 30 min to get their milkshake, which was nothing more than chocolate milk."
129,1,5,2,2,Khandwa,"Will never, ever go back."
130,1,3,4,2,Ujjain,"OMG, the food was delicioso!"
131,3,3,2,2,Bhopal,The restaurant atmosphere was exquisite.
132,5,1,2,2,Gwalior,I dont think I will be back for a very long time.
133,5,2,2,1,Mandsaur,I ordered the Lemon raspberry ice cocktail which was also incredible.
134,5,2,2,1,Bhopal,I don't think I'll be running back to Carly's anytime soon for food.
135,3,2,2,3,Mandsaur,They dropped more than the ball.
136,1,3,1,5,Jabalpur,I will be back many times soon.
137,1,3,3,3,Mandsaur,It shouldn't take 30 min for pancakes and eggs.
138,5,3,1,1,Betul,CONCLUSION: Very filling meals.
139,3,5,1,1,Jabalpur,"If it were possible to give them zero stars, they'd have it."
140,3,4,1,2,Mandsaur,"The descriptions said ""yum yum sauce"" and another said ""eel sauce"", yet another said ""spicy mayo""...well NONE of the rolls had sauces on them."
141,1,2,2,5,Rewa,We sat another ten minutes and finally gave up and left.
142,2,5,2,1,Rewa,(The bathroom is just next door and very nice.)
143,1,2,5,2,Mandsaur,5 stars for the brick oven bread app!
144,3,4,1,3,Gwalior,Honeslty it didn't taste THAT fresh.)
145,5,3,2,1,Rewa,There is nothing authentic about this place.
146,2,5,1,3,Jabalpur,-Drinks took close to 30 minutes to come out at one point.
147,1,2,4,4,Betul,Their daily specials are always a hit with my group.
148,2,4,2,3,Mandsaur,The lighting is just dark enough to set the mood.
149,3,4,3,1,Ujjain,"The deal included 5 tastings and 2 drinks, and Jeff went above and beyond what we expected."
150,2,4,1,4,Indore,Now this dish was quite flavourful.
151,4,4,1,2,Dewas,"As for the ""mains,"" also uninspired."
152,1,1,5,4,Betul,The buffet is small and all the food they offered was BLAND.
153,2,4,2,3,Indore,Service was very prompt.
154,5,1,4,1,Indore,I've lived here since 1979 and this was the first (and last) time I've stepped foot into this place.
155,2,3,2,4,Betul,Would not go back.
156,5,4,1,1,Khandwa,Must have been an off night at this place.
157,4,1,3,3,Ujjain,"The sides are delish - mixed mushrooms, yukon gold puree, white corn - beateous."
158,2,4,1,4,Bhopal,"For about 10 minutes, we we're waiting for her salad when we realized that it wasn't coming any time soon."
159,1,1,4,5,Jabalpur,Won't go back.
160,2,2,4,3,Rewa,Extremely Tasty!
161,5,3,1,2,Indore,Would come back again if I had a sushi craving while in Vegas.
162,2,3,4,2,Bhopal,#NAME?
163,4,3,3,1,Gwalior,My wife had the Lobster Bisque soup which was lukewarm.
164,4,1,4,2,Khandwa,#NAME?
165,3,2,3,3,Indore,"The shower area is outside so you can only rinse, not take a full shower, unless you don't mind being nude for everyone to see!"
166,4,2,4,1,Ujjain,The service was a bit lacking.
167,4,2,4,1,Bhopal,"Lobster Bisque, Bussell Sprouts, Risotto, Filet ALL needed salt and pepper..and of course there is none at the tables."
168,2,3,2,4,Gwalior,They know how to make them here.
169,4,2,4,1,Jabalpur,I took back my money and got outta there.
170,3,2,2,4,Mandsaur,He deserves 5 stars.
171,5,2,2,2,Bhopal,Never again will I be dining at this place!
172,1,4,2,4,Betul,Bacon is hella salty.
173,4,1,5,1,Dewas,"Phenomenal food, service and ambiance."
174,1,2,5,3,Indore,All the bread is made in-house!
175,2,2,5,2,Khandwa,The one down note is the ventilation could use some upgrading.
176,5,1,3,2,Bhopal,I just don't know how this place managed to served the blandest food I have ever eaten when they are preparing Indian cuisine.
177,2,4,1,4,Mandsaur,You can't beat that.
178,2,1,4,4,Bhopal,Check it out.
179,1,5,4,1,Mandsaur,"This place is not quality sushi, it is not a quality restaurant."
180,5,1,2,3,Indore,"At least 40min passed in between us ordering and the food arriving, and it wasn't that busy."
181,5,4,1,1,Mandsaur,Will go back next trip out.
182,2,2,2,5,Rewa,I never come again.
183,5,1,4,1,Khandwa,Ordered an appetizer and took 40 minutes and then the pizza another 10 minutes.
184,3,2,5,1,Khandwa,"I go to far too many places and I've never seen any restaurant that serves a 1 egg breakfast, especially for $4.00."
185,1,2,4,4,Gwalior,I think not again
186,1,5,1,4,Ujjain,"If you're not familiar, check it out."
187,5,2,1,3,Ujjain,I'll take my business dinner dollars elsewhere.
188,1,5,1,4,Betul,The chicken wings contained the driest chicken meat I have ever eaten.
189,3,1,4,3,Jabalpur,Food arrived quickly!
190,1,4,4,2,Rewa,The turkey and roast beef were bland.
191,5,2,2,2,Gwalior,This place has it!
192,2,4,1,4,Betul,I waited and waited.
193,2,3,4,2,Bhopal,I am far from a sushi connoisseur but I can definitely tell the difference between good food and bad food and this was certainly bad food.
194,3,2,2,4,Dewas,Im in AZ all the time and now have my new spot.
195,4,4,2,1,Gwalior,Food was so gooodd.
196,4,3,1,3,Rewa,I wouldn't return.
197,4,4,2,1,Jabalpur,"This is was due to the fact that it took 20 minutes to be acknowledged, then another 35 minutes to get our food...and they kept forgetting things."
198,2,3,1,5,Jabalpur,This place receives stars for their APPETIZERS!!!
199,3,5,2,1,Ujjain,Sauce was tasteless.
200,5,3,2,1,Dewas,Will not be back.
201,2,4,2,3,Gwalior,say bye bye to your tip lady!
202,4,1,1,5,Dewas,We'll never go again.
203,3,3,2,3,Gwalior,Will be back again!
204,3,1,5,2,Bhopal,I don't think we'll be going back anytime soon.
205,1,5,2,3,Jabalpur,"Furthermore, you can't even find hours of operation on the website!"
206,3,1,2,5,Rewa,The Greek dressing was very creamy and flavorful.
207,2,4,1,4,Bhopal,This place is way too overpriced for mediocre food.
208,5,2,3,1,Dewas,I give it 2 thumbs down
209,3,2,5,1,Rewa,The shrimp tender and moist.
210,2,2,3,4,Khandwa,The potato chip order was sad... I could probably count how many chips were in that box and it was probably around 12.
211,4,2,1,4,Ujjain,"Third, the cheese on my friend's burger was cold."
212,1,3,4,3,Dewas,Crostini that came with the salad was stale.
213,4,1,2,5,Ujjain,The only redeeming quality of the restaurant was that it was very inexpensive.
214,5,2,1,4,Khandwa,Never going back.
215,2,1,4,5,Dewas,Today was my first taste of a Buldogis Gourmet Hot Dog and I have to tell you it was more than I ever thought possible.
216,2,5,3,2,Rewa,She ordered a toasted English muffin that came out untoasted.
217,3,2,2,5,Ujjain,We got the food and apparently they have never heard of salt and the batter on the fish was chewy.
218,5,4,1,2,Ujjain,I was seated immediately.
219,2,5,1,4,Dewas,"Their menu is diverse, and reasonably priced."
220,3,3,1,5,Betul,Restaurant is always full but never a wait.
221,5,1,3,3,Betul,"The service was not up to par, either."
222,1,5,4,2,Betul,#NAME?
223,5,1,3,3,Dewas,"The service was a little slow , considering that were served by 3 people servers so the food was coming in a slow pace."
224,4,3,3,2,Jabalpur,"Total letdown, I would much rather just go to the Camelback Flower Shop and Cartel Coffee."
225,3,4,2,3,Mandsaur,"The menu is always changing, food quality is going down & service is extremely slow."
226,2,3,2,5,Jabalpur,Just don't know why they were so slow.
227,4,2,2,4,Indore,"On the ground, right next to our table was a large, smeared, been-stepped-in-and-tracked-everywhere pile of green bird poop."
228,5,1,4,2,Dewas,Don't do it!!!!
229,2,5,4,1,Betul,The Veggitarian platter is out of this world!
230,2,5,4,1,Gwalior,He came running after us when he realized my husband had left his sunglasses on the table.
231,5,1,2,4,Rewa,First time going but I think I will quickly become a regular.
232,3,2,2,5,Gwalior,Waited 2 hours & never got either of our pizzas as many other around us who came in later did!
233,2,5,4,1,Mandsaur,And the red curry had so much bamboo shoots and wasn't very tasty to me.
234,2,5,3,2,Rewa,Gave up trying to eat any of the crust (teeth still sore).
235,3,3,5,1,Ujjain,Definitely a turn off for me & i doubt I'll be back unless someone else is buying.
236,1,3,3,5,Rewa,walked in and the place smelled like an old grease trap and only 2 others there eating.
237,1,5,3,3,Betul,"I've had better, not only from dedicated boba tea spots, but even from Jenni Pho."
238,5,2,3,2,Rewa,It was pretty gross!
239,1,5,3,3,Rewa,"Never been to Hard Rock Casino before, WILL NEVER EVER STEP FORWARD IN IT AGAIN!"
240,2,4,5,1,Betul,"If that bug never showed up I would have given a 4 for sure, but on the other side of the wall where this bug was climbing was the kitchen."
241,4,2,1,5,Betul,Seafood was limited to boiled shrimp and crab legs but the crab legs definitely did not taste fresh.
242,4,1,2,5,Jabalpur,It was a huge awkward 1.5lb piece of cow that was 3/4ths gristle and fat.
243,5,4,2,1,Rewa,We've tried to like this place but after 10+ times I think we're done with them.
244,2,2,3,5,Bhopal,"This isn't a small family restaurant, this is a fine dining establishment."
245,5,1,5,1,Mandsaur,It is worth the drive.
246,2,4,4,2,Jabalpur,"He was extremely rude and really, there are so many other restaurants I would love to dine at during a weekend in Vegas."
247,5,4,1,2,Rewa,"We thought you'd have to venture further away to get good sushi, but this place really hit the spot that night."
248,3,2,2,5,Khandwa,The scallop dish is quite appalling for value as well.
249,5,1,1,5,Jabalpur,The cashier had no care what so ever on what I had to say it still ended up being wayyy overpriced.
250,1,5,4,2,Gwalior,Definitely not worth the $3 I paid.
251,4,2,4,2,Ujjain,Highly recommended.
252,4,5,2,1,Ujjain,I as well would've given godfathers zero stars if possible.
253,3,4,2,3,Betul,Based on the sub-par service I received and no effort to show their gratitude for my business I won't be going back.
254,3,1,3,5,Indore,The service here leaves a lot to be desired.
255,1,2,4,5,Betul,I was disgusted because I was pretty sure that was human hair.
256,5,4,1,2,Bhopal,My fianc√© and I came in the middle of the day and we were greeted and seated right away.
257,2,4,4,2,Jabalpur,It's worth driving up from Tucson!
258,1,2,5,4,Rewa,This is some seriously good pizza and I'm an expert/connisseur on the topic.
259,3,5,2,2,Indore,This was my first and only Vegas buffet and it did not disappoint.
260,1,1,5,5,Betul,Please stay away from the shrimp stir fried noodles.
261,3,5,1,3,Dewas,"Seriously flavorful delights, folks."
262,2,3,2,5,Mandsaur,Before I go in to why I gave a 1 star rating please know that this was my third time eating at Bachi burger before writing a review.
263,3,4,4,1,Gwalior,Don't waste your time here.
264,1,4,5,2,Indore,Food was really good and I got full petty fast.
265,3,5,2,2,Jabalpur,If you want a sandwich just go to any Firehouse!!!!!
266,3,1,5,3,Khandwa,The only thing I did like was the prime rib and dessert section.
267,4,4,2,2,Jabalpur,Not much seafood and like 5 strings of pasta at the bottom.
268,4,3,3,2,Bhopal,"Overall, I like this place a lot."
269,2,2,5,3,Ujjain,"As much as I'd like to go back, I can't get passed the atrocious service and will never return."
270,3,4,3,2,Ujjain,"Also there are combos like a burger, fries, and beer for 23 which is a decent deal."
271,3,1,4,4,Betul,"The atmosphere is modern and hip, while maintaining a touch of coziness."
272,4,4,2,2,Betul,You cant go wrong with any of the food here.
273,1,5,2,4,Mandsaur,I went to Bachi Burger on a friend's recommendation and was not disappointed.
274,1,5,3,3,Khandwa,You won't be disappointed.
275,3,1,4,5,Ujjain,The portion was huge!
276,3,5,3,2,Rewa,We'd definitely go back here again.
277,1,5,2,5,Jabalpur,The vanilla ice cream was creamy and smooth while the profiterole (choux) pastry was fresh enough.
278,4,3,1,5,Khandwa,definitely will come back here again.
279,2,3,4,4,Jabalpur,Everyone is treated equally special.
280,3,4,5,1,Bhopal,I'll definitely be in soon again.
281,2,4,5,2,Dewas,Hopefully this bodes for them going out of business and someone who can cook can come in.
282,1,5,5,2,Mandsaur,Interesting decor.
283,5,5,2,1,Gwalior,This was like the final blow!
284,1,4,5,3,Gwalior,What I really like there is the crepe station.
285,5,2,5,1,Betul,I will continue to come here on ladies night andddd date night ... highly recommend this place to anyone who is in the area.
286,4,1,3,5,Rewa,"like the other reviewer said ""you couldn't pay me to eat at this place again."""
287,4,3,3,3,Mandsaur,"Nice, spicy and tender."
288,3,3,3,4,Mandsaur,They had a toro tartare with a cavier that was extraordinary and I liked the thinly sliced wagyu with white truffle.
289,5,4,2,2,Ujjain,We ordered the duck rare and it was pink and tender on the inside with a nice char on the outside.
290,4,3,1,5,Indore,Now the pizza itself was good the peanut sauce was very tasty.
291,2,3,3,5,Ujjain,I hope this place sticks around.
292,1,5,2,5,Bhopal,Ample portions and good prices.
293,5,2,4,2,Bhopal,Much better than the other AYCE sushi place I went to in Vegas.
294,3,4,3,3,Jabalpur,This is one of the better buffets that I have been to.
295,2,5,2,4,Khandwa,"Back to good BBQ, lighter fare, reasonable pricing and tell the public they are back to the old ways."
296,5,5,2,1,Betul,We waited an hour for what was a breakfast I could have done 100 times better at home.
297,4,4,1,4,Khandwa,So don't go there if you are looking for good food...
298,3,4,3,3,Ujjain,this place is good.
299,2,5,3,3,Ujjain,"They have a good selection of food including a massive meatloaf sandwich, a crispy chicken wrap, a delish tuna melt and some tasty burgers."
300,2,4,4,3,Bhopal,I've had better atmosphere.
301,4,3,1,5,Gwalior,Good prices.
302,5,2,3,3,Gwalior,Service was exceptional and food was a good as all the reviews.
303,4,2,4,3,Jabalpur,"The burger is good beef, cooked just right."
304,3,3,4,3,Dewas,"If you want healthy authentic or ethic food, try this place."
305,1,4,4,4,Mandsaur,Their monster chicken fried steak and eggs is my all time favorite.
306,5,1,3,4,Bhopal,"I'd say that would be the hardest decision... Honestly, all of M's dishes taste how they are supposed to taste (amazing)."
307,1,2,5,5,Jabalpur,Service is also cute.
308,5,3,3,2,Ujjain,I'm not really sure how Joey's was voted best hot dog in the Valley by readers of Phoenix Magazine.
309,4,1,3,5,Bhopal,Good Service-check!
310,1,4,5,3,Indore,Just as good as when I had it more than a year ago!
311,5,4,1,3,Khandwa,Waitress was good though!
312,3,3,5,2,Ujjain,"On the up side, their cafe serves really good food."
313,1,5,5,2,Indore,The food was very good.
314,1,4,4,4,Khandwa,Very good lunch spot.
315,2,3,5,3,Mandsaur,These are the nicest restaurant owners I've ever come across.
316,2,5,2,4,Dewas,I had the mac salad and it was pretty bland so I will not be getting that again.
317,2,4,3,4,Jabalpur,Service is quick and friendly.
318,5,4,2,2,Gwalior,We enjoy their pizza and brunch.
319,2,5,5,1,Betul,We had 7 at our table and the service was pretty fast.
320,5,1,5,2,Rewa,The black eyed peas and sweet potatoes... UNREAL!
321,5,2,5,1,Betul,The menu had so much good stuff on it i could not decide!
322,2,5,2,4,Bhopal,Sooooo good!!
323,1,5,2,5,Jabalpur,"Very good, though!"
324,2,3,4,4,Indore,Very friendly staff.
325,5,3,2,3,Jabalpur,The waitresses are very friendly.
326,4,3,5,1,Betul,"I had a salad with the wings, and some ice cream for dessert and left feeling quite satisfied."
327,3,4,3,3,Indore,I really enjoyed eating here.
328,1,4,5,3,Betul,Both of the egg rolls were fantastic.
329,4,4,1,4,Bhopal,Fantastic service here.
330,1,4,3,5,Indore,Service was fantastic.
331,1,5,4,3,Indore,"Love this place, hits the spot when I want something healthy but not lacking in quantity or flavor."
332,5,4,3,1,Bhopal,"Definitely worth venturing off the strip for the pork belly, will return next time I'm in Vegas."
333,4,5,1,3,Dewas,This is an unbelievable BARGAIN!
334,4,1,4,4,Ujjain,"If the food isn't bad enough for you, then enjoy dealing with the world's worst/annoying drunk people."
335,1,5,2,5,Indore,I didn't know pulled pork could be soooo delicious.
336,3,5,2,3,Khandwa,"Anyway, this FS restaurant has a wonderful breakfast/lunch."
337,5,1,3,4,Indore,Cooked to perfection and the service was impeccable.
338,5,3,1,4,Rewa,The potatoes were like rubber and you could tell they had been made up ahead of time being kept under a warmer.
339,2,4,3,4,Indore,"I have eaten here multiple times, and each time the food was delicious."
340,5,2,4,2,Khandwa,The Jamaican mojitos are delicious.
341,4,3,5,2,Khandwa,We had a group of 70+ when we claimed we would only have 40 and they handled us beautifully.
342,1,5,5,3,Dewas,The cocktails are all handmade and delicious.
343,2,5,5,2,Khandwa,This wonderful experience made this place a must-stop whenever we are in town again.
344,5,2,5,2,Indore,We walked away stuffed and happy about our first Vegas buffet experience.
345,4,3,3,4,Betul,That's right....the red velvet cake.....ohhh this stuff is so good.
346,1,4,4,5,Ujjain,"Come hungry, leave happy and stuffed!"
347,3,2,5,4,Jabalpur,Update.....went back for a second time and it was still just as amazing
348,1,4,4,5,Jabalpur,"The food, amazing."
349,4,4,3,3,Betul,"A couple of months later, I returned and had an amazing meal."
350,2,5,5,2,Betul,The bathrooms are clean and the place itself is well decorated.
351,4,2,5,3,Gwalior,We are so glad we found this place.
352,2,4,5,3,Gwalior,Very very fun chef.
353,3,5,5,1,Bhopal,So absolutley fantastic.
354,3,4,3,4,Dewas,Fantastic food!
355,5,2,2,5,Betul,So we went to Tigerlilly and had a fantastic afternoon!
356,4,5,2,3,Mandsaur,"Took an hour to get our food only 4 tables in restaurant my food was Luke warm, Our sever was running around like he was totally overwhelmed."
357,1,4,4,5,Mandsaur,I loved the bacon wrapped dates.
358,3,5,2,4,Khandwa,Wow... Loved this place.
359,4,2,3,5,Ujjain,We loved the place.
360,2,4,4,4,Dewas,I can assure you that you won't be disappointed.
361,4,1,5,4,Bhopal,"Everyone is very attentive, providing excellent customer service."
362,2,4,3,5,Khandwa,"This was my first crawfish experience, and it was delicious!"
363,5,4,2,3,Bhopal,Penne vodka excellent!
364,5,5,3,1,Ujjain,you can watch them preparing the delicious food!)
365,3,2,5,4,Dewas,Delicious and I will absolutely be back!
366,3,5,5,1,Dewas,"Thus far, have only visited twice and the food was absolutely delicious each time."
367,5,5,3,1,Khandwa,I like Steiners because it's dark and it feels like a bar.
368,2,4,4,4,Indore,The food was outstanding and the prices were very reasonable.
369,3,4,2,5,Mandsaur,Service was fine and the waitress was friendly.
370,4,3,3,4,Gwalior,I did not expect this to be so good!
371,1,4,5,4,Betul,Their chow mein is so good!
372,4,3,2,5,Gwalior,This place is amazing!
373,1,5,4,4,Indore,"Not to mention the combination of pears, almonds and bacon is a big winner!"
374,5,5,2,2,Rewa,The goat taco didn't skimp on the meat and wow what FLAVOR!
375,1,5,3,5,Rewa,"Great food for the price, which is very high quality and house made."
376,2,4,3,5,Indore,A great touch.
377,5,1,5,3,Jabalpur,This is a great restaurant at the Mandalay Bay.
378,5,5,1,3,Bhopal,How awesome is that.
379,4,3,2,5,Khandwa,"The staff is great, the food is delish, and they have an incredible beer selection."
380,2,4,3,5,Betul,The selection on the menu was great and so were the prices.
381,5,1,4,4,Dewas,"I have been here several times in the past, and the experience has always been great."
382,4,2,5,3,Gwalior,The fries were great too.
383,1,5,5,3,Gwalior,"Great place to eat, reminds me of the little mom and pop shops in the San Francisco Bay Area."
384,5,2,2,5,Betul,They have great dinners.
385,3,2,4,5,Rewa,Nargile - I think you are great.
386,2,5,3,4,Rewa,Great place to have a couple drinks and watch any and all sporting events as the walls are covered with TV's.
387,3,5,3,3,Indore,Server did a great job handling our large rowdy table.
388,2,5,4,3,Dewas,Great service and food.
389,1,5,3,5,Ujjain,Great pork sandwich.
390,2,5,3,4,Indore,Great brunch spot.
391,3,4,4,3,Betul,Favorite place in town for shawarrrrrrma!!!!!!
392,5,1,5,3,Indore,"Not a weekly haunt, but definitely a place to come back to every once in a while."
393,1,5,4,4,Khandwa,My first visit to Hiro was a delight!
394,5,5,1,3,Dewas,And the beans and rice were mediocre at best.
395,3,5,5,1,Indore,I love this place.
396,4,5,3,2,Jabalpur,The service was outshining & I definitely recommend the Halibut.
397,5,4,3,2,Jabalpur,"The salad had just the right amount of sauce to not over power the scallop, which was perfectly cooked."
398,5,4,3,3,Betul,"Best Buffet in town, for the price you cannot beat it."
399,2,3,5,5,Rewa,I'd love to go back.
400,4,5,2,4,Rewa,Best tater tots in the southwest.
401,3,5,3,4,Khandwa,Coming here is like experiencing an underwhelming relationship where both parties can't wait for the other person to ask to break up.
402,5,1,4,5,Jabalpur,This place is hands-down one of the best places to eat in the Phoenix metro area.
403,4,5,2,4,Bhopal,This is one of the best bars with food in Vegas.
404,5,5,2,3,Jabalpur,DELICIOUS!!
405,4,2,4,5,Dewas,"REAL sushi lovers, let's be honest - Yama is not that good."
406,4,4,2,5,Khandwa,"By this point, my friends and I had basically figured out this place was a joke and didn't mind making it publicly and loudly known."
407,1,5,5,4,Bhopal,"This place is a jewel in Las Vegas, and exactly what I've been hoping to find in nearly ten years living here."
408,5,1,5,4,Indore,This is the place where I first had pho and it was amazing!!
409,4,2,5,4,Bhopal,Some highlights : Great quality nigiri here!
410,5,3,4,3,Indore,Kids pizza is always a hit too with lots of great side dish options for the kiddos!
411,5,5,4,1,Khandwa,Food was great and so was the serivce!
412,5,4,2,4,Khandwa,Great Pizza and Salads!
413,5,1,5,4,Jabalpur,Always a great time at Dos Gringos!
414,4,5,2,4,Betul,"Also, the fries are without a doubt the worst fries I've ever had."
415,5,4,1,5,Ujjain,Best fish I've ever had in my life!
416,5,3,5,2,Mandsaur,The vegetables are so fresh and the sauce feels like authentic Thai.
417,4,1,5,5,Indore,The best place to go for a tasty bowl of Pho!
418,5,4,5,1,Gwalior,"Love the margaritas, too!"
419,3,3,5,4,Gwalior,"Also were served hot bread and butter, and home made potato chips with bacon bits on top....very original and very good."
420,2,4,5,4,Indore,Service is friendly and inviting.
421,4,2,5,4,Indore,The ambience is wonderful and there is music playing.
422,5,2,4,4,Khandwa,Pretty cool I would say.
423,5,4,1,5,Gwalior,Nice blanket of moz over top but i feel like this was done to cover up the subpar food.
424,5,4,3,3,Mandsaur,It was delicious!!!
425,4,4,5,2,Khandwa,"Lordy, the Khao Soi is a dish that is not to be missed for curry lovers!"
426,4,3,5,3,Bhopal,The seafood was fresh and generous in portion.
427,4,3,5,3,Khandwa,From what my dinner companions told me...everything was very fresh with nice texture and taste.
428,3,2,5,5,Bhopal,All I have to say is the food was amazing!!!
429,4,4,2,5,Ujjain,Owner's are really great people.!
430,2,4,4,5,Gwalior,Stopped by during the late May bank holiday off Rick Steve recommendation and loved it.
431,3,5,2,5,Rewa,We loved the biscuits!!!
432,5,5,4,1,Mandsaur,Best tacos in town by far!!
433,3,5,4,3,Mandsaur,Good beer & drink selection and good food selection.
434,4,5,2,4,Bhopal,"I had heard good things about this place, but it exceeding every hope I could have dreamed of."
435,5,3,2,5,Mandsaur,the staff is friendly and the joint is always clean.
436,4,5,1,5,Mandsaur,I don't know what kind it is but they have the best iced tea.
437,3,4,3,5,Betul,I LOVED it!
438,4,5,1,5,Dewas,My drink was never empty and he made some really great menu suggestions.
439,5,5,3,2,Betul,"The only good thing was our waiter, he was very helpful and kept the bloddy mary's coming."
440,2,4,4,5,Gwalior,Each day of the week they have a different deal and it's all so delicious!
441,4,4,3,5,Jabalpur,Best breakfast buffet!!!
442,4,5,3,4,Bhopal,Pretty good beer selection too.
443,5,5,3,3,Indore,The chefs were friendly and did a good job.
444,4,5,2,5,Gwalior,Today is the second time I've been to their lunch buffet and it was pretty good.
445,4,4,4,4,Jabalpur,I love the fact that everything on their menu is worth it.
446,2,5,4,5,Indore,"Good service, very clean, and inexpensive, to boot!"
447,5,5,3,3,Gwalior,"Our server was very nice, and even though he looked a little overwhelmed with all of our needs, he stayed professional and friendly until the end."
448,4,3,5,4,Mandsaur,"They could serve it with just the vinaigrette and it may make for a better overall dish, but it was still very good."
449,5,2,5,4,Bhopal,"seems like a good quick place to grab a bite of some familiar pub food, but do yourself a favor and look elsewhere."
450,4,2,5,5,Betul,"Stopped by this place while in Madison for the Ironman, very friendly, kind staff."
451,5,4,2,5,Gwalior,"The food is delicious and just spicy enough, so be sure to ask for spicier if you prefer it that way."
452,5,4,2,5,Betul,Everything was fresh and delicious!
453,3,3,5,5,Ujjain,The steaks are all well trimmed and also perfectly cooked.
454,5,5,4,2,Dewas,I would definitely recommend the wings as well as the pizza.
455,3,5,4,4,Khandwa,The inside is really quite nice and very clean.
456,5,5,3,3,Indore,"Great food and service, huge portions and they give a military discount."
457,4,5,2,5,Gwalior,Service is perfect and the family atmosphere is nice to see.
458,5,4,2,5,Bhopal,"In an interesting part of town, this place is amazing."
459,5,2,4,5,Ujjain,"We had fantastic service, and were pleased by the atmosphere."
460,5,1,5,5,Rewa,"And considering the two of us left there very full and happy for about $20, you just can't go wrong."
461,5,4,3,4,Bhopal,"Delicious NYC bagels, good selections of cream cheese, real Lox with capers even."
462,5,4,3,4,Rewa,The pancake was also really good and pretty large at that.
463,4,4,5,3,Dewas,"This place is like Chipotle, but BETTER."
464,5,5,5,1,Khandwa,"Classy/warm atmosphere, fun and fresh appetizers, succulent steaks (Baseball steak!!!!!"
465,5,5,4,2,Gwalior,I liked the patio and the service was outstanding.
466,5,4,3,4,Mandsaur,The folks at Otto always make us feel so welcome and special.
467,5,2,4,5,Rewa,The food was excellent and service was very good.
468,4,4,4,4,Indore,Service was excellent and prices are pretty reasonable considering this is Vegas and located inside the Crystals shopping mall by Aria.
469,3,4,5,4,Mandsaur,"You get incredibly fresh fish, prepared with care."
470,5,4,4,4,Betul,"They will customize your order any way you'd like, my usual is Eggplant with Green Bean stir fry, love it!"
471,3,5,4,5,Ujjain,My friend loved the salmon tartar.
472,5,3,5,4,Jabalpur,I could care less... The interior is just beautiful.
473,5,3,4,5,Mandsaur,The sweet potato fries were very good and seasoned well.
474,4,5,3,5,Khandwa,I ordered the Voodoo pasta and it was the first time I'd had really excellent pasta since going gluten free several years ago.
475,3,5,4,5,Bhopal,"This hole in the wall has great Mexican street tacos, and friendly staff."
476,5,5,3,4,Bhopal,This is a really fantastic Thai restaurant which is definitely worth a visit.
477,4,5,5,3,Ujjain,"Our server was fantastic and when he found out the wife loves roasted garlic and bone marrow, he added extra to our meal and another marrow to go!"
478,5,4,4,4,Gwalior,As always the evening was wonderful and the food delicious!
479,5,4,5,3,Gwalior,"On a positive note, our server was very attentive and provided great service."
480,4,4,4,5,Gwalior,"Great Subway, in fact it's so good when you come here every other Subway will not meet your expectations."
481,4,3,5,5,Betul,Wow very spicy but delicious.
482,3,4,5,5,Rewa,"The food was delicious, our bartender was attentive and personable AND we got a great deal!"
483,4,5,3,5,Mandsaur,"In the summer, you can dine in a charming outdoor patio - so very delightful."
484,5,5,3,5,Indore,A great way to finish a great.
485,4,4,5,5,Indore,"The guys all had steaks, and our steak loving son who has had steak at the best and worst places said it was the best steak he's ever eaten."
486,3,5,5,5,Betul,"The staff are great, the ambiance is great."
487,5,4,5,4,Gwalior,This is an Outstanding little restaurant with some of the Best Food I have ever tasted.
488,5,5,3,5,Mandsaur,"Of all the dishes, the salmon was the best, but all were great."
489,5,4,5,4,Ujjain,"The dining space is tiny, but elegantly decorated and comfortable."
490,5,5,4,4,Khandwa,My ribeye steak was cooked perfectly and had great mesquite flavor.
491,5,4,5,4,Gwalior,"I LOVED their mussels cooked in this wine reduction, the duck was tender, and their potato dishes were delicious."
492,5,5,4,4,Mandsaur,I love the Pho and the spring rolls oh so yummy you have to try.
493,5,4,4,5,Dewas,this was a different cut than the piece the other day but still wonderful and tender s well as well flavored.
494,4,5,5,5,Gwalior,Everything on the menu is terrific and we were also thrilled that they made amazing accommodations for our vegetarian daughter.
495,5,4,5,5,Betul,"Both of them were truly unbelievably good, and I am so glad we went back."
496,5,5,5,4,Bhopal,"It's like a really sexy party in your mouth, where you're outrageously flirting with the hottest person at the party."
497,5,5,4,5,Khandwa,"On the good side, the staff was genuinely pleasant and enthusiastic - a real treat."
498,5,5,4,5,Khandwa,"Loved it...friendly servers, great food, wonderful and imaginative menu."
499,5,5,5,5,Indore,"The food was very good and I enjoyed every mouthful, an enjoyable relaxed venue for couples small family groups etc."
